{
    "$schema": "https://schema.management.azure.com/schemas/2015-01-01/deploymentParameters.json#",
    "contentVersion": "1.0.0.0",
    "parameters": {
        "vulnerabilityAssessments_Default_storageContainerPath": {
            "value": null
        },
        "vaults_az500kv212950738_name": {
            "value": null
        },
        "servers_sqlserver6u25jjai5cz56_name": {
            "value": null
        },
        "virtualMachines_az500_10_vm1_name": {
            "value": null
        },
        "storageAccounts_jaysaz500labs_name": {
            "value": null
        },
        "virtualNetworks_az500_10_vnet1_name": {
            "value": null
        },
        "networkInterfaces_az500_10_nic1_name": {
            "value": null
        },
        "publicIPAddresses_az500_10_pip1_name": {
            "value": null
        },
        "networkSecurityGroups_az500_10_nsg1_name": {
            "value": null
        },
        "storageAccounts_vhdstorage6golz5acspjo4_name": {
            "value": null
        }
    }
}